{"SVM": 0.989247311827957, "K-NN": 0.978494623655914, "Decision Tree": 0.978494623655914, "Random Forest": 0.989247311827957, "Naive Bayes": 0.9731182795698925, "XGBoost": 0.989247311827957, "LightGBM": 0.9946236559139785}